project,date_iso,amount_usd,method,category,chains,title,source,notes
Super Sushi Samurai,2024-03-22,4800000.0,,,Blast,,https://rekt.news/sss-rekt/,
Unizen,2024-03-08,2100000.0,,,Ethereum,,https://twitter.com/peckshield/status/1766210445415727608,
AutoShark,2021-05-24,745000.0,,,BSC,,https://watchpug.medium.com/sharkfinance-performance-fee-minting-incident-analysis-4b2e3bd03923,
Siren,2021-09-03,3450000.0,,,Polygon,,https://twitter.com/BlockSecTeam/status/1433682132090568705?s=20&t=yoeOhpvaWABdrYwfwtTJ0Q,
MangoFarmSol,2024-01-07,2000000.0,,,Solana,,https://cointelegraph.com/news/funds-mangofarmsol-drained-community-rug-pull,
MyAlgo,2023-02-27,9200000.0,,,Algorand,,https://twitter.com/zachxbt/status/1630375691886686208?s=20,
Zunami Protocol,2025-05-15,500000.0,,,Ethereum,,https://x.com/ZunamiProtocol/status/1922993510925435267,
DAO Maker Vesting,2021-08-12,7000000.0,,,Ethereum,,https://cointelegraph.com/news/dao-maker-crowdfunding-platform-loses-7m-in-latest-defi-exploit,
M2 Exchange,2024-10-31,13700000.0,,,"Ethereum, Solana, Bitcoin",,https://x.com/CyversAlerts/status/1852303223903633572,
UPCX,2025-04-01,,,,Ethereum,,https://x.com/cyversalerts/status/1907046941906653633,
four.meme,2025-02-11,183000.0,,,BSC,,https://x.com/peckshieldalert/status/1889210001220423765,
Multichain,2021-07-10,7900000.0,,,"Ethereum, BSC, Fantom",,https://rekt.news/anyswap-rekt/,
Kannagi,2023-07-30,1100000.0,,,"zkSync Era, Ethereum",,https://x.com/PeckShieldAlert/status/1685162644653973510,
xToken,2021-05-12,24000000.0,,,Ethereum,,https://twitter.com/FrankResearcher/status/1392515198674681863?s=20,
BingX,2024-09-20,43300000.0,,,Ethereum,,https://x.com/OnchainDataNerd/status/1836977341094150398,
Thorchain DEX,2021-07-22,8000000.0,,,Ethereum,,https://rekt.news/thorchain-rekt2/,
DAO Maker Vesting,2021-09-04,4000000.0,,,Ethereum,,https://twitter.com/Mudit__Gupta/status/1434059922774237185?s=20&t=aoOtJLS6FHimjAE1anc1mg,
Safe Dollar,2021-06-28,248000.0,,,Polygon,,https://rekt.news/safedollar-rekt/,
Grand Base,2024-04-15,1700000.0,,,Base,,https://twitter.com/PeckShieldAlert/status/1779796368732872856,
FixedFloat,2024-02-18,26100000.0,,,"Ethereum, Bitcoin",,https://cointelegraph.com/news/fixed-float-confirms-26m-exploit-bitcoin-ether,
Saddle Finance,2022-04-30,11000000.0,,,Ethereum,,https://rekt.news/saddle-finance-rekt2/,
Nomad,2022-08-01,190000000.0,,,Ethereum,,https://twitter.com/samczsun/status/1554252024723546112?s=20&t=mesLZTckBsl_X2_KbGcEHQ,
Elephant Money,2022-04-12,22200000.0,,,BSC,,https://twitter.com/BlockSecTeam/status/1513966074357698563,
Euler V1,2023-03-13,197000000.0,,,Ethereum,,https://twitter.com/peckshield/status/1635229594596036608?s=20,
Orion Pools,2023-02-02,3000000.0,,,BSC,,https://twitter.com/peckshield/status/1621337925228306433?s=20&t=ZroERzkeCrxy3gHxtboQeA,
Locus Finance,2023-12-30,321000.0,,,"Ethereum, Arbitrum",,https://twitter.com/Locus_finance/status/1744374506267767267,
Abracadabra Spell,2024-01-30,6500000.0,,,Ethereum,,https://twitter.com/peckshield/status/1752279373779194011,
DEUS Finance,2022-04-28,13400000.0,,,Fantom,,https://twitter.com/peckshield/status/1519530463337250817?s=20&t=Mr6sVLBWq_A0ej9Y3-qstA,
Level Perps,2023-05-01,1000000.0,,,BSC,,https://twitter.com/peckshield/status/1653149493133729794?t=ojjCnRcDogo3lOKIy8cKgA&s=19,
CoinSpot,2023-11-09,2400000.0,,,Ethereum,,https://twitter.com/PeckShieldAlert/status/1722412658404843691,
Alchemix,2021-06-16,6500000.0,,,Ethereum,,https://forum.alchemix.fi/public/d/137-incident-report-06162021,
Peapods Finance,2025-07-08,175000.0,,,Ethereum,,https://x.com/peckshield/status/1942542084214513996,
Gala,2024-05-20,22000000.0,,,Ethereum,,https://x.com/Thatguysgems/status/1792679865164128743,
Curio,2024-03-25,16000000.0,,,Ethereum,,https://x.com/CyversAlerts/status/1772216818645565673,
Tender Finance,2023-03-07,1600000.0,,,Arbitrum,,https://twitter.com/wasgiventhatday/status/1633056446278426624?s=20,
Rivus DAO,2024-09-16,,,,Ethereum,,https://x.com/RivusDAO/status/1835782524746015137,
pump.fun,2024-05-16,2000000.0,,,Solana,,https://x.com/FrankResearcher/status/1791164323047293325,
Polter Finance,2024-11-16,12000000.0,,,Fantom,,https://cointelegraph.com/news/polter-finance-12m-hack-response,
Sirio Finance,2025-02-01,2000000.0,,,Hedera,,https://x.com/SirioFinance/status/1885800736967024957,
ValueDefi,2021-05-07,11000000.0,,,BSC,,https://twitter.com/FrankResearcher/status/1390905494844313602?s=20,
Conic Finance,2023-07-21,3200000.0,,,Ethereum,,https://twitter.com/ConicFinance/status/1682385596700844032?t=4a-w-I06_7EcbwpKWbPZHA&s=19,
BurgerSwap,2021-05-28,7200000.0,,,BSC,,https://twitter.com/FrankResearcher/status/1398114924337971201?s=20&t=vVNaBlQNJ9WXRT54vvCZ8w,
Furucombo,2021-02-27,14000000.0,,,Ethereum,,https://twitter.com/Kurt_M_Barry/status/1365876788757471234?s=20&t=LObPnVPhVbkYv7U9e-AL7w,
JayPegs Automart,2021-09-17,3100000.0,,,Ethereum,,https://rekt.news/jaypegs-automart-rekt/,
Lava,2024-10-04,130000.0,,,Arbitrum,,https://x.com/rotcivegaf/status/1842301803750470003,
Nobitex,2025-06-18,82000000.0,,,"Tron, Ethereum, BSC, Avalanche, Arbitrum, Polygon, Bitcoin",,https://x.com/QuillAudits_AI/status/1935237054155444611,
Hedgey,2024-04-19,44700000.0,,,"Arbitrum, Ethereum",,https://twitter.com/hedgeyfinance/status/1781257581488418862,
Harvest Finance,2020-10-26,25000000.0,,,Ethereum,,https://rekt.news/harvest-finance-rekt/,
Hedera,2023-03-10,515000.0,,,Hedera,,https://rekt.news/hedera-rekt/,
Poloniex,2023-11-10,126000000.0,,,"Tron, Ethereum, Bitcoin",,https://twitter.com/peckshield/status/1722931275764474329,
LeadBlock's Morpho Blue Market,2024-10-14,250000.0,,,Ethereum,,https://x.com/omeragoldberg/status/1845515843787960661,
Vesper Finance,2021-11-03,3370000.0,,,Ethereum,,https://x.com/VesperFi/status/1455567032536248324,
Mango Markets V3,2022-10-11,115000000.0,,,Solana,,https://twitter.com/joshua_j_lim/status/1579987648546246658?s=20&t=AFj8CwRWo5dFo_A1-A-18Q,
Truflation,2024-09-25,5000000.0,,,,,https://www.theblock.co/post/318209/coinbase-ventures-backed-truflation-hacked-for-about-5-million-says-zachxbt,
SudoRare,2022-08-23,800000.0,,,Ethereum,,https://www.theblock.co/post/164970/nft-exchange-sudorare-suffers-800000-rug-pull-six-hours-after-launch,
Steadefi,2023-08-08,1157000.0,,,Ethereum,,https://twitter.com/steadefi/status/1688919583707877376,
Crypto.com,2022-01-18,33700000.0,,,"Ethereum, Bitcoin",,https://rekt.news/cryptocom-rekt/,
Dexible V2,2023-02-20,2000000.0,,,"Ethereum, Arbitrum",,https://twitter.com/RektHQ/status/1628030868043300865,
Ooki,2020-02-15,350000.0,,,Ethereum,,https://www.coinbase.com/blog/around-the-block-analysis-on-the-bzx-attack-defi-vulnerabilities-the-state-of-debit-cards-in,
Bond Protocol,2022-10-21,300000.0,,,Ethereum,,https://twitter.com/Supremacy_CA/status/1583425026094641153,
Portal,2022-02-02,326000000.0,,,Solana,,https://twitter.com/samczsun/status/1489044939732406275?s=20&t=kfhTtvHGRyDbj-2P7f_hpA,
Moola Market,2022-10-18,8400000.0,,,Celo,,https://twitter.com/FrankResearcher/status/1582448720985014273?s=20&t=vRg4YjjP30kMjt_V7I0gfg,
Cover Protocol,2020-12-29,9400000.0,,,Ethereum,,https://coverprotocol.medium.com/12-28-post-mortem-34c5f9f718d4,
NowSwap,2021-09-15,1000000.0,,,Ethereum,,https://x.com/BlockSecTeam/status/1438100688215560192,
XBridge,2024-04-24,1800000.0,,,"Ethereum, BSC",,,
BNS,2022-02-01,7500000.0,,,,,https://twitter.com/zachxbt/status/1630665458134163476,
CoinEx,2023-09-12,55000000.0,,,"Ethereum, BSC, Bitcoin, Tron, Kadena, Solana, Dagger, XRP, BitcoinCash, Polygon, Stellar, Arbitrum",,https://www.coindesk.com/tech/2023/09/13/north-korean-attackers-linked-to-54m-coinex-hack-blockchain-data-suggests/,
ZKsync,2025-04-15,5000000.0,,,zkSync Era,,https://x.com/WuBlockchain/status/1912142777229754611,
Orange Finance,2025-01-08,840000.0,,,Arbitrum,,https://x.com/0xorangefinance/status/1876863611458801890,
Tapioca DAO,2024-10-18,4700000.0,,,Arbitrum,,https://x.com/tapioca_dao/status/1847330264139145361,
Kinto Bridge,2025-07-10,1550000.0,,,Arbitrum,,https://x.com/ramonrecuero/status/1943426114468352006,
KyberSwap Classic,2022-09-01,265000.0,,,Polygon,,https://blog.kyberswap.com/post-mortem-past-kyberswap-frontend-exploit-sept-2022/,
Skyward Finance,2022-11-02,3000000.0,,,Near,,https://twitter.com/skywardfinance/status/1587947957789331457,
Exactly,2023-08-18,7200000.0,,,Optimism,,https://twitter.com/DeDotFiSecurity/status/1692549866713407912,
Popsicle Finance,2021-08-03,20000000.0,,,Ethereum,,https://twitter.com/Mudit__Gupta/status/1422797923037814786?s=20&t=bZ-0VnJ8b4SQbx5PkaOGYg,
Qubit,2022-01-28,80000000.0,,,BSC,,https://medium.com/@QubitFin/protocol-exploit-report-305c34540fa3,
Bald,2023-08-02,23000000.0,,,Base,,https://x.com/PeckShieldAlert/status/1686225428649062400,
OcelotDex,2024-09-20,4900000.0,,,Ethereum,,https://x.com/BlockscopeInc/status/1839049867987206329,
Tectonic,2024-02-22,250000.0,,,Cronos,,https://cronoscan.com/tx/0x4c4584a57e5487a06e61c815c7ee368656ad58bd38774184eadcd97072dc1e4b,
ApeRocket,2021-07-14,1260000.0,,,BSC,,https://www.google.com/search?q=aperocketfi+hack&oq=aperocketfi+hack&aqs=chrome..69i57j33i10i160j33i21.3640j0j4&sourceid=chrome&ie=UTF-8,
MonoX,2021-11-30,31400000.0,,,"Ethereum, Polygon",,https://twitter.com/BlockSecTeam/status/1465690478414761992,
Radiant V2,2024-10-16,53000000.0,,,"BSC, Arbitrum",,https://x.com/AnciliaInc/status/1846618258163761551,
EasyFi,2021-04-19,59000000.0,,,Polygon,,https://medium.com/easify-network/easyfi-security-incident-pre-post-mortem-33f2942016e9,
Binance Bridge,2022-10-06,570000000.0,,,BSC,,https://twitter.com/samczsun/status/1578167198203289600,
Midas Capital,2023-01-17,660000.0,,,Polygon,,https://rekt.news/midas-capital-rekt/,
Dough Finance,2024-07-12,1960000.0,,,Ethereum,,https://cointelegraph.com/news/dough-finance-loses-1-8m-flash-loan-attack,
ParaSpace Lending V1,2023-03-17,5000000.0,,,Ethereum,,https://twitter.com/BlockSecTeam/status/1636650252844294144?s=20,
Solareum,2024-03-29,1400000.0,,,Solana,,,
Cardex,2025-02-18,400000.0,,,Abstract,,https://x.com/0xCygaar/status/1891948692204368122,
Munchables,2024-03-26,62500000.0,,,Blast,,https://twitter.com/_munchables_/status/1772739713687752761,
Ronin Bridge,2022-03-23,624000000.0,,,Ethereum,,https://roninblockchain.substack.com/p/back-to-building-ronin-security-breach,
Superfluid,2022-02-08,8700000.0,,,Polygon,,https://rekt.news/superfluid-rekt/,
Earning.Farm,2023-08-09,540000.0,,,Ethereum,,https://twitter.com/CyversAlerts/status/1689193286420795393,
Fortress Loans,2022-05-08,3000000.0,,,BSC,,https://rekt.news/fortress-rekt/,
Venus Core Pool,2025-03-29,902000.0,,,zkSync Era,,https://x.com/yonikesel/status/1905993100738134408,
Lodestar V0,2022-12-10,6900000.0,,,Arbitrum,,https://twitter.com/BowTiedPickle/status/1601650177369993216?s=20&t=lv-ruhz34Xz7S_fZVFZj7w,
Ooki,2021-11-05,55000000.0,,,"Polygon, BSC",,https://medium.com/tidal-finance/bzx-incident-report-e36828347a86,
LiFi Finance,2024-07-16,9730000.0,,,"zkSync Era, Linea, Metis",,https://x.com/RektHQ/status/1813329331105726812,
Holograph,2024-06-13,6700000.0,,,Ethereum,,https://www.coindesk.com/tech/2024/06/13/hlg-down-over-60-as-exploiter-mints-1-billion-new-tokens/,
Growth DeFi,2021-02-09,1300000.0,,,Ethereum,,https://rekt.news/the-big-combo/,
Loopscale,2025-04-26,5800000.0,,,Solana,,https://x.com/LoopscaleLabs/status/1916183179469246626,
AlphaPo,2023-07-26,60000000.0,,,"Ethereum, Tron",,https://rekt.news/alphapo-rekt/,
Stake.com,2023-09-04,41300000.0,,,"Ethereum, BSC, Polygon",,https://twitter.com/web3isgreat/status/1698750534025441678,
DeltaPrime,2024-07-23,1000000.0,,,Arbitrum,,https://x.com/DeltaPrimeDefi/status/1815536737206026346,
Blizz Finance,2022-05-13,21800000.0,,,Avalanche,,https://rekt.news/venus-blizz-rekt/,
BearnFi,2021-05-17,18000000.0,,,BSC,,https://peckshield.medium.com/bearn-fi-incident-inconsistent-asset-denomination-between-vault-strategy-9b24b68ab1c0,
GMBL.COMPUTER,2023-09-06,815000.0,,,Arbitrum,,https://twitter.com/ImmuneBytes/status/1699338311230214536,
GMX V1 Perps,2022-09-18,565000.0,,,Arbitrum,,https://twitter.com/jayantkrish/status/1571893643178569728?s=20&t=O--bs-V1Xnkmzm2JZOdZsw,
Grim Finance,2021-12-18,30000000.0,,,Fantom,,https://twitter.com/RugDocIO/status/1472293717725913089,
Treasure,2022-03-03,1400000.0,,,Arbitrum,,https://twitter.com/sniko_/status/1499202361180442627?s=20&t=PmAlFn3y2dhQSStkXyDCDA,
Themis Protocol,2023-06-27,370000.0,,,Arbitrum,,https://twitter.com/peckshield/status/1673778002373509121,
Allbridge Core,2023-04-02,650000.0,,,BSC,,https://allbridge.medium.com/allbridge-core-updates-following-the-relaunch-9f7716eeb5da,
Kronos Research,2023-11-18,26000000.0,,,Ethereum,,https://twitter.com/ResearchKronos/status/1726013733888041376,
Curve DEX,2023-07-30,61700000.0,,,Ethereum,,https://twitter.com/spreekaway/status/1685669149911990273,
Inverse Finance Frontier,2022-04-02,15600000.0,,,Ethereum,,https://twitter.com/FrankResearcher/status/1510239094777032713?s=20&t=RBNXo-6wEDCiBE5a9nO0-Q,
Harbor Protocol,2023-08-19,,,,Comdex,,https://twitter.com/PeckShieldAlert/status/1692852140199522716,
Sturdy V1,2023-06-12,770000.0,,,Ethereum,,https://twitter.com/blocksecteam/status/1668084629654638592,
Heco Bridge,2023-11-22,86600000.0,,,Ethereum,,https://twitter.com/TheBlock__/status/1727397707843621201,
Wise Lending V1,2024-01-12,464000.0,,,Ethereum,,https://twitter.com/spreekaway/status/1745892488127070270,
Lendf.me,2020-04-19,1200000.0,,,Ethereum,,https://slowmist.medium.com/slowmist-details-of-lendf-me-reentrancy-attack-3e168ab5f2b1,
ForceBridge,2025-06-06,3900000.0,,,Nervos,,https://x.com/hackenclub/status/1929451310060892202,
BtcTurk,2025-08-14,48000000.0,,,"Ethereum, Avalanche, Arbitrum, Base, Optimism, Mantle, Polygon",,https://x.com/CyversAlerts/status/1955967877602803929,
ElasticSwap,2022-12-13,854000.0,,,"Avalanche, Ethereum",,https://twitter.com/ElasticSwap/status/1602582495819694081,
Onyx Protocol,2023-11-01,2100000.0,,,Ethereum,,https://twitter.com/decurityhq/status/1719657969925677161,
Magpie Protocol,2024-04-23,129000.0,,,"Ethereum, Polygon, BSC, Blast, Avalanche, Arbitrum, Optimism, Base, zkSync Era, Polygon zkEVM",,https://twitter.com/magpieprotocol/status/1782708631126819137,
Hundred Finance,2023-04-15,7000000.0,,,Optimism,,https://rekt.news/hundred-rekt2/,
Hope Finance,2023-02-20,1860000.0,,,Arbitrum,,https://twitter.com/Cointelegraph/status/1627976451814490113,
LuBian,2020-12-28,3500000000.0,,,Bitcoin,,https://x.com/arkham/status/1951729790299394113,
Mirror,2021-10-08,2000000.0,,,Terra,,https://twitter.com/FatManTerra/status/1531365988809293825?s=20&t=o8YSLZ0o7gAdHOxdVeuPcg,
Ionic Protocol,2025-02-04,4000000.0,,,Mode,,https://x.com/CyversAlerts/status/1886829735130407065,
Yearn Finance,2021-02-05,11000000.0,,,Ethereum,,https://rekt.news/yearn-rekt/,
Florence Finance,2023-11-30,1450000.0,,,Ethereum,,https://twitter.com/PeckShieldAlert/status/1730045158509727968,
Rari Capital,2021-05-08,10000000.0,,,Ethereum,,https://twitter.com/FrankResearcher/status/1391087260125188099,
dForce,2020-04-19,25000000.0,,,Ethereum,,https://decrypt.co/26033/dforce-lendfme-defi-hack-25m,
Zabu Finance,2021-09-12,3200000.0,,,Avalanche,,https://www.immunebytes.com/blog/zabu-finance-hack-sep-12-2021-detailed-analysis-report/,
Magnate Finance,2023-08-25,6400000.0,,,Base,,https://twitter.com/PeckShieldAlert/status/1694946221788729440,
Sentiment,2023-04-04,1000000.0,,,Arbitrum,,https://twitter.com/spreekaway/status/1643314142214758410?t=Lsj87_GeYV3YDlVXX4bFHQ&s=19,
CrediX,2025-08-04,4500000.0,,,Sonic,,https://x.com/CyversAlerts/status/1952299850650747079,
Bunny,2021-07-16,2400000.0,,,BSC,,https://pancakebunny.medium.com/polybunny-post-mortem-compensation-42b5c35ce957,
StableMagnet,2021-06-23,27000000.0,,,BSC,,https://twitter.com/RugDocIO/status/1407830298251964427?s=20&t=ABcGHyHjFWrkOL8Ya2qfKQ,
Agave,2022-03-15,5500000.0,,,Gnosis Chain,,https://rekt.news/agave-hundred-rekt/,
Atlantis Loans,2023-06-10,116000.0,,,BSC,,https://twitter.com/peckshield/status/1667624256111276033,
Bitrue,2023-04-14,23000000.0,,,,,https://twitter.com/BTCTN/status/1646915702907973632,
Meter,2022-02-06,7700000.0,,,Ethereum,,https://twitter.com/ishwinder/status/1490227406824685569?s=20&t=_Ypi0s4w213ow0Rdgp4tmw,
Punk Protocol,2021-08-10,8950000.0,,,Ethereum,,https://medium.com/punkprotocol/punk-finance-fair-launch-incident-report-984d9e340eb,
Clipper,2024-12-01,450000.0,,,"Optimism, Base",,https://x.com/Clipper_DEX/status/1863263893470003460,
Defrost,2022-12-24,6000000.0,,,Avalanche,,https://de.fi/blog/exclusive-the-defrost-team-rug-pulled-12m-7m-999b24c13f47,
Ambient,2024-10-17,,,,Ethereum,,https://x.com/ambient_finance/status/1846895776116379747,
Raydium AMM,2022-12-16,4400000.0,,,Solana,,https://twitter.com/osec_io/status/1603763023151509505?s=20&t=_J9Y8NV-o0QeXHtnkyR-4A,
Squid Games,2021-11-03,3400000.0,,,BSC,,https://x.com/__tricck/status/1455083308702834690,
SuperRare,2025-07-28,730000.0,,,Ethereum,,https://x.com/CertiKAlert/status/1949772114309132363,
DMM Bitcoin,2024-05-31,305000000.0,,,Bitcoin,,https://x.com/Cointelegraph/status/1796544899606524310,
ValueDefi,2020-11-14,7000000.0,,,Ethereum,,https://rekt.news/value-defi-rekt/,
Shido,2024-02-29,3300000.0,,,Ethereum,,https://cointelegraph.com/news/shido-token-plummet-attacker-drains-staking-contract,
Dexodus Finance,2025-05-26,300000.0,,,Base,,https://x.com/hklst4r/status/1927008251045929463,
dYdX V3,2023-11-18,9000000.0,,,Ethereum,,https://twitter.com/AntonioMJuliano/status/1725926693440045389,
zkFinance,2024-11-11,200000.0,,,zkSync Era,,https://x.com/spreekaway/status/1856101815995011427,
xToken,2021-08-29,4500000.0,,,Ethereum,,https://medium.com/xtoken/xsnx-post-mortem-666d35071f38,
Roe Finance,2023-01-11,80000.0,,,"Ethereum, Polygon",,https://twitter.com/spreekaway/status/1613205435762495488,
Gamma,2024-01-04,4500000.0,,,Arbitrum,,https://twitter.com/peckshieldalert/status/1742753372334399513,
Ronin Bridge,2024-08-06,12000000.0,,,Ethereum,,https://x.com/Ronin_Network/status/1820804772917588339,
Omm,2023-01-21,1891000.0,,,Icon,,https://forum.omm.finance/t/omm-exploit-postmortem-january-2023/266,
uniBTC,2024-09-26,1700000.0,,,Ethereum,,https://x.com/phtevenstrong/status/1839389432975397017,
KiloEx,2025-04-14,7500000.0,,,"BSC, Base, Taiko",,https://x.com/shoucccc/status/1911862514440376446,
Clober Liquidity Vault,2024-12-10,500000.0,,,Base,,https://x.com/peckshieldalert/status/1866434326596112705,
Badger DAO,2021-12-02,120000000.0,,,Ethereum,,https://badger.com/technical-post-mortem,
Convergence,2024-08-01,210000.0,,,Ethereum,,https://www.coindesk.com/markets/2024/08/01/defi-protocol-convergence-hacked-cvg-token-plunges-99-on-curve/,
DuelBits,2024-02-13,4600000.0,,,Ethereum,,https://x.com/CertiKAlert/status/1757681640384381238,
Wintermute,2022-06-05,27600000.0,,,Optimism,,https://banteg.mirror.xyz/iZAsBNL3j_5NIAY2Erav1r7Q4ecc7SC76AfMjyScs34,
SharedStake,2023-09-01,175000.0,,,Ethereum,,https://twitter.com/spreekaway/status/1697612239929246022,
Vestra DAO,2024-12-04,500000.0,,,Ethereum,,https://x.com/_czepluch/status/1866112404242743590,
Indexed Finance,2021-10-14,16000000.0,,,Ethereum,,https://ndxfi.medium.com/indexed-attack-post-mortem-b006094f0bdc,
Remitano,2023-09-15,2700000.0,,,"Ethereum, Tron, BitcoinCash",,https://twitter.com/CyversAlerts/status/1702348063145165016/photo/1,
PeopleDAO,2023-03-08,120000.0,,,Ethereum,,https://twitter.com/The_PeopleDAO/status/1634518915668668416?s=20,
Midas Capital,2023-06-17,600000.0,,,BSC,,https://twitter.com/peckshield/status/1670148905810403330?s=20,
pNetwork,2021-10-04,13000000.0,,,"BSC, Bitcoin",,https://www.halborn.com/blog/post/explained-the-pnetwork-hack-september-2021,
KuCoin,2020-09-29,45000000.0,,,Ethereum,,https://rekt.news/epic-hack-homie/,
ETHTrustFund,2024-07-22,2100000.0,,,Base,,https://cointelegraph.com/news/ethtrustfund-dao-transfers-treasury-apparent-rug-pull,
Berally,2025-03-14,90000.0,,,Berachain,,https://x.com/Berally_io/status/1900732333562744870,
Unibot,2023-10-31,640000.0,,,Ethereum,,https://twitter.com/peckshield/status/1719223437024284978,
Cork V1,2025-05-28,12000000.0,,,Ethereum,,https://x.com/CyversAlerts/status/1927701403092316254,
Safemoon,2023-03-28,8900000.0,,,BSC,,https://twitter.com/MoonMark_/status/1640844732082290688?s=20,
PolyNetwork,2024-08-12,5000000.0,,,PolyNetwork,,https://medium.com/flamingo-finance/poly-network-bridge-exploit-and-the-asset-support-initiative-c80c636255bb,
FTX,2022-11-12,450000000.0,,,"Ethereum, Solana",,https://twitter.com/zachxbt/status/1591475246250733568?s=20&t=jbwCEhQZKfWFnLPtCwErAg,
OKX NFT Aggregator,2024-06-20,14000.0,,,BSC,,https://x.com/shoucccc/status/1803973429345030381,
KyberSwap Elastic,2023-11-22,48000000.0,,,"Ethereum, Base, Polygon, Optimism, Arbitrum",,https://twitter.com/KyberNetwork/status/1727475235342217682,
Zunami Protocol,2023-08-13,2100000.0,,,Ethereum,,https://twitter.com/decryptmedia/status/1690946389323157504,
Rodeo,2023-07-04,90000.0,,,Arbitrum,,https://twitter.com/Phalcon_xyz/status/1676511696603729921?s=20,
Coincheck,2018-01-26,534000000.0,,,NEM,,https://www.bbc.com/news/world-asia-42845505,
Parity Multisig,2017-11-09,150000000.0,,,Ethereum,,https://blog.openzeppelin.com/on-the-parity-wallet-multisig-hack-405a8c12e8f7,
Local Traders,2023-05-24,118000.0,,,BSC,,https://twitter.com/BeosinAlert/status/1661210668291489794,
Sonne Finance,2024-05-15,20000000.0,,,Optimism,,https://medium.com/@SonneFinance/post-mortem-sonne-finance-exploit-12f3daa82b06,
Atomic Wallet,2023-06-03,100000000.0,,,"Ethereum, Tron, BSC, Bitcoin, Polkadot, Avalanche",,https://twitter.com/tayvano_/status/1668778031790587905?t=ZXAVt7ExhHZcGIzs5ZD33w&s=19,
AscenDEX,2021-12-11,77000000.0,,,"Ethereum, BSC, Polygon",,https://rekt.news/ascendex-rekt/,
Spectral Labs,2024-12-01,200000.0,,,Ethereum,,https://x.com/Spectral_Labs/status/1863212410070253824,
Hundred Finance,2022-03-15,6200000.0,,,Gnosis Chain,,https://rekt.news/agave-hundred-rekt/,
Ankr,2022-12-02,5000000.0,,,BSC,,https://twitter.com/ankr/status/1598503332477280256,
CREAM Lending,2021-08-30,18800000.0,,,Ethereum,,https://twitter.com/peckshield/status/1432249600002478081,
Deribit,2022-11-01,28000000.0,,,,,https://twitter.com/DeribitExchange/status/1587701883778523136,
DeltaPrime,2024-11-11,4800000.0,,,"Arbitrum, Avalanche",,https://x.com/peckshield/status/1855900790063607929,
Kokomo Finance,2023-03-27,4000000.0,,,Optimism,,https://x.com/CertiKAlert/status/1640118618548568069,
DEXX,2024-11-16,21000000.0,,,Solana,,https://x.com/DEXXai_EN/status/1857830993656418763,
WOOFi Swap,2024-03-05,8500000.0,,,Arbitrum,,https://twitter.com/peckshieldalert/status/1765054155478175943,
PrismaLST,2024-03-28,11600000.0,,,Ethereum,,https://twitter.com/PeckShieldAlert/status/1773345454832378109,
Trinity Wallet,2020-02-12,2350000.0,,,Iota,,https://blog.iota.org/trinity-attack-incident-part-1-summary-and-next-steps-8c7ccc4d81e8/,
Bittensor,2024-07-02,8000000.0,,,,,https://x.com/vishal4c/status/1808332836484927677,
Abracadabra Spell,2025-03-25,13000000.0,,,Arbitrum,,https://x.com/peckshield/status/1904501599848038490,
Bitmart,2021-12-04,196000000.0,,,"Ethereum, BSC",,https://rekt.news/bitmart-rekt/,
LendHub,2023-01-16,6000000.0,,,Heco,,https://twitter.com/SlowMist_Team/status/1613906590574198784?s=20,
Paid Network,2021-03-05,27000000.0,,,Ethereum,,https://rekt.news/paid-rekt/,
Compound V2,2021-09-29,147000000.0,,,Ethereum,,https://rekt.news/compound-rekt/,
Coinbase,2025-08-13,300000.0,,,Ethereum,,https://x.com/deeberiroz/status/1955718986894549344,
Terra 2.0,2024-07-31,5000000.0,,,Terra2,,https://medium.com/@Rarma_/terra-ibc-hooks-exploit-21cca87d70a4,
Bungee,2024-01-16,3300000.0,,,Ethereum,,https://www.dlnews.com/articles/defi/hacker-swipes-33m-from-bungee-crypto-bridge-users/,
Seneca,2024-02-28,6500000.0,,,"Ethereum, Arbitrum",,https://twitter.com/spreekaway/status/1762857769714012217,
Ola Finance,2022-03-31,4000000.0,,,Fuse,,https://www.coindesk.com/tech/2022/03/31/ola-finance-exploited-for-36m-in-re-entrancy-attack/,
Hector Lending,2023-06-02,653000.0,,,Fantom,,https://twitter.com/Hector_Network/status/1664720154595414019,
numa.,2025-08-10,320000.0,,,Sonic,,https://x.com/CertiKAlert/status/1954758545859375266,
Meerkat Finance,2021-03-04,32000000.0,,,BSC,,https://rekt.news/meerkat-finance-bsc-rekt/,
GeniusAI,2024-05-05,1270000.0,,,"Fantom, Ethereum",,https://cointelegraph.com/news/gnus-discord-hack-causes-1-27-million-losses,
Fegex,2024-12-29,900000.0,,,"Ethereum, BSC, Base",,https://x.com/Phalcon_xyz/status/1873634026444968034,
Merlin,2021-06-29,330000.0,,,BSC,,https://rekt.news/merlin3-rekt/,
Bondly,2021-07-15,5900000.0,,,Ethereum,,https://rekt.news/bondly-rekt/,
Velocore V2,2024-06-02,6800000.0,,,"Linea, zkSync Era",,https://x.com/velocorexyz/status/1797229772399067587,
Dragoma,2022-08-08,3500000.0,,,Polygon,,https://www.coindesk.com/business/2022/08/08/polygon-based-web3-game-dragoma-supporters-fall-victim-to-35m-rug-pull-peckshield/,
Orbit Bridge,2023-12-31,81700000.0,,,Ethereum,,https://cointelegraph.com/news/cross-chain-protocol-orbit-bridge-suffers-exploit-hack,
Penpie,2024-09-03,27000000.0,,,Ethereum,,https://x.com/shoucccc/status/1831044487323529639,
Alpha Finance,2021-02-13,37500000.0,,,Ethereum,,https://blog.alphaventuredao.io/alpha-homora-v2-post-mortem/,
Bitget,2025-04-20,100000000.0,,,,,https://x.com/0xDamix/status/1913918706985623945,
CoinsPaid,2023-07-22,37300000.0,,,,,https://twitter.com/coinspaid/status/1684297537010774017,
Merlin,2021-05-26,550000.0,,,BSC,,https://rekt.news/merlin2-rekt/,
CoinDCX,2025-07-19,44200000.0,,,,,https://x.com/CryptooIndia/status/1946596846052458548,
Rain,2024-04-29,14800000.0,,,"Bitcoin, Ethereum, XRP, Solana",,https://twitter.com/CoinDesk/status/1790197230915194916,
US Government Crypto Wallet,2024-10-24,20000000.0,,,Ethereum,,https://x.com/decryptmedia/status/1849540098607415441,
Rubic,2022-12-25,1410000.0,,,Ethereum,,https://twitter.com/peckshield/status/1606937055761952770?s=20&t=Vdvjv2C7zUazmgvQ2SOQow,
Bitcoin Mission,2025-04-22,1300000.0,,,Arbitrum,,https://x.com/officer_cia/status/1914690926695362685,
OKX DEX,2023-12-13,2700000.0,,,Ethereum,,https://twitter.com/TheBlock__/status/1734921504523956630,
DEUS Finance,2021-03-15,3000000.0,,,Fantom,,https://twitter.com/peckshield/status/1503632734299701250,
SurgeBNB,2021-08-17,4000000.0,,,BSC,,https://beosin.medium.com/a-sweet-blow-fb0a5e08657d,
Unilend V2,2025-01-12,197600.0,,,Ethereum,,https://www.the-blockchain.com/2025/01/13/unilend-finance-losses-197-6k-to-a-redeem-process-vulnerability-exploit/,
Cashio,2022-03-23,48000000.0,,,Solana,,https://twitter.com/samczsun/status/1506578902331768832?s=20&t=UL8INfwfJ5hgY7Vq9M3Sbw,
The DAO,2016-06-17,60000000.0,,,Ethereum,,https://ogucluturk.medium.com/the-dao-hack-explained-unfortunate-take-off-of-smart-contracts-2bd8c8db3562,
Nirvana V1,2022-07-28,3500000.0,,,Solana,,https://twitter.com/osec_io/status/1552589378719207424?s=20&t=I8QXz7iG0z7hjvfCA579LA,
BtcTurk,2024-06-22,54000000.0,,,,,https://x.com/wublockchain/status/1804487593062752260,
Usual,2025-05-27,43000.0,,,Ethereum,,https://x.com/BlockSecTeam/status/1927601457815040283,
Paraluni Masterchef,2022-03-13,1700000.0,,,BSC,,https://slowmist.medium.com/paraluni-incident-analysis-58be442a4f99,
CoinDash,2017-07-18,7700000.0,,,Ethereum,,https://www.coindesk.com/markets/2017/07/17/7-million-lost-in-coindash-ico-hack/,
zkLend,2025-02-11,9550000.0,,,Starknet,,https://x.com/zkLend/status/1889515118368829559,
Poly Network,2021-08-10,611000000.0,,,"Ethereum, BSC, Polygon",,https://slowmist.medium.com/the-root-cause-of-poly-network-being-hacked-ec2ee1b0c68f,
XT Exchange,2024-11-28,1700000.0,,,Ethereum,,https://x.com/protos/status/1862100763570294837,
Rho Markets,2024-07-19,7600000.0,,,Scroll,,https://x.com/DLNewsInfo/status/1814302008213410292,
Turtle Dex,2021-03-20,2500000.0,,,BSC,,https://cointelegraph.com/news/binance-smart-chain-s-turtledex-rugpulls-shortly-after-launch,
Gate,2018-04-21,235000000.0,,,,,https://www.justice.gov/opa/press-release/file/1253491/download,
Monoswap,2024-07-31,1300000.0,,,Blast,,https://x.com/monoswapio/status/1816151998267547851,
Multichain,2023-07-07,126000000.0,,,"Moonriver, BSC, Fantom",,https://twitter.com/tayvano_/status/1677106407131475968?t=VKQSi0VcSbv_Jgi8Q58SqQ&s=19,
Belt Finance,2021-05-29,6300000.0,,,BSC,,https://rekt.news/belt-rekt/,
Texture,2025-07-09,2200000.0,,,Solana,,https://x.com/texture_fi/status/1942972150631002245,
Arbix Finance,2022-01-04,10000000.0,,,BSC,,https://rekt.news/arbix-rekt/,
Bybit,2025-02-21,1400000000.0,,,Ethereum,,https://x.com/benbybit/status/1892963530422505586,
Save,2022-11-02,1260000.0,,,Solana,,https://twitter.com/solendprotocol/status/1587671511137398784,
Amun,2022-12-26,300000.0,,,Ethereum,,https://medium.com/amun-tokens/peco-dfi-post-mortem-december-26th-2022-46576394def9,
Thorchain DEX,2021-07-15,5000000.0,,,Ethereum,,https://rekt.news/thorchain-rekt/,
Roll,2021-03-14,5700000.0,,,Ethereum,,https://rekt.news/roll-rekt/,
Warp Protocol,2020-12-18,7800000.0,,,Ethereum,,https://rekt.news/warp-finance-rekt/,
ThalaSwap,2024-11-15,25500000.0,,,Aptos,,https://cointelegraph.com/news/thala-recovers-25-million-exploiter-hacker-caught,
Raft,2023-11-10,3300000.0,,,Ethereum,,https://twitter.com/AnciliaInc/status/1723055359034568828,
Kalax,2024-10-14,350000.0,,,Blast,,https://x.com/0x50313335/status/1845398390491726296,
EraLend,2023-07-25,3400000.0,,,zkSync Era,,https://twitter.com/DLNewsInfo/status/1683870083272130562,
Banana Gun,2024-09-19,3000000.0,,,Ethereum,,https://x.com/BananaGunBot/status/1838660010387116484,
Acala Network,2021-08-13,1600000.0,,,Acala,,https://twitter.com/alice_und_bob/status/1558959878475075584,
Mobius Token,2025-05-11,2160000.0,,,BSC,,https://www.certik.com/resources/blog/mobius-token-incident-analysis,
DODO AMM,2021-03-09,2000000.0,,,Ethereum,,https://rekt.news/au-dodo-rekt/,
BonqDAO,2023-02-01,1700000.0,,,Polygon,,https://twitter.com/peckshield/status/1620917292514299904?s=20&t=ZroERzkeCrxy3gHxtboQeA,
Beanstalk,2022-04-17,181000000.0,,,Ethereum,,https://twitter.com/FrankResearcher/status/1515693895887294466?s=20,
Pickle,2020-11-22,19700000.0,,,Ethereum,,https://github.com/banteg/evil-jar/blob/master/readme.md,
Minterest,2024-07-15,1400000.0,,,Mantle,,https://x.com/Minterest/status/1812540672248820033,
dForce,2023-02-10,3650000.0,,,"Arbitrum, Optimism",,https://twitter.com/peckshield/status/1623902441992523776,
pNetwork,2022-11-03,4589449.0,,,BSC,,https://twitter.com/pNetworkDeFi/status/1588956872664829952,
Loopring,2024-06-09,5000000.0,,,Loopring,,https://x.com/loopringorg/status/1799791898296451515,
Dego Finance,2022-02-10,10000000.0,,,"Ethereum, BSC, Cronos",,https://rekt.news/dego-finance-rekt/,
Blur Finance,2022-08-10,600000.0,,,"BSC, Polygon",,https://cryptoslate.com/blur-finance-allegedly-rug-pulled-investors-at-a-combined-600k-loss/,
Team Finance,2022-10-27,15800000.0,,,Ethereum,,https://twitter.com/peckshield/status/1585587858978623491?s=20&t=vAGSJQ0ivXGoOv80bGx4iQ,
Eminence,2020-09-28,15000000.0,,,Ethereum,,https://rekt.news/eminence-rekt-in-prod/,
Pike,2024-04-30,1600000.0,,,"Ethereum, Optimism, Arbitrum",,https://twitter.com/PikeFinance/status/1785572875124330644,
MoonHacker,2025-01-02,300000.0,,,Optimism,,https://x.com/dedaub/status/1874838342485102852,
Balancer V2,2023-08-27,800000.0,,,Ethereum,,https://twitter.com/mevrefund/status/1695792040531960116,
DeltaPrime,2024-09-16,5980000.0,,,Arbitrum,,https://x.com/CryptoTimes_io/status/1835620537055514652,
Nexera,2024-08-07,1800000.0,,,Ethereum,,https://www.coindesk.com/business/2024/08/07/blockchain-protocol-nexara-suffers-18m-exploit-nxra-tumbles-40/,
Infini,2025-02-24,49500000.0,,,Ethereum,,https://x.com/peckshieldalert/status/1893874770803851454,
MM Finance Cronos,2022-05-04,2000000.0,,,Cronos,,https://medium.com/@MMFinance/dns-hi-jacking-post-mortem-compensation-3e2b5bb21183,
Revest Finance,2022-03-27,2010000.0,,,Ethereum,,https://twitter.com/BlockSecTeam/status/1508065573250678793?s=20&t=NXJmfrEeRP3-fqmOwjOAGQ,
Tropykus RSK,2023-06-14,150000.0,,,Rootstock,,https://twitter.com/tropykus/status/1669310852787216385,
Arena SocialFi,2023-10-07,2900000.0,,,Avalanche,,https://twitter.com/peckshield/status/1710555944269292009?t=Al_-cDBwoNs3vpKqcpJ0Jw&s=19,
Phemex,2025-01-23,85000000.0,,,"Ethereum, Solana, XRP, Bitcoin, BSC, Sui, Base, Tron, Arbitrum, Avalanche, Polygon, Optimism, zkSync Era",,https://x.com/PeckShieldAlert/status/1882776555312869830,
BlueBerry,2024-02-24,1400000.0,,,Ethereum,,https://x.com/blueberryFDN/status/1760872935982879030,
Crema Finance,2022-07-02,8800000.0,,,Solana,,https://twitter.com/Crema_Finance/status/1543638844410499073?s=20&t=tjkZ9crEBqMSfzI2BMG_oQ,
AzukiDAO,2023-07-03,68000.0,,,Ethereum,,https://twitter.com/dedaub/status/1675983033168453632?s=20,
Tenderize V2,2025-04-07,10850.0,,,Ethereum,,https://x.com/dedaub/status/1914815361616367872,
Pando Rings,2022-11-06,22000000.0,,,Mixin,,https://pando.im/news/2022/2022-11-06-alert-to-pando-community-hack-of-pando-rings/,
DEUS Finance,2023-05-05,6500000.0,,,"Arbitrum, BSC, Ethereum",,https://twitter.com/storming0x/status/1654561199999135747?s=20,
Mixin Network,2023-09-23,200000000.0,,,Mixin,,https://twitter.com/MixinKernel/status/1706139175018529139,
Fantasm Finance,2022-03-09,2260000.0,,,Fantom,,https://quadrigainitiative.com/cryptocurrencyhackscamfraudwiki/index.php?title=Fantasm_Finance_Contract_Vulnerabilities,
LeetSwap,2023-08-01,620000.0,,,Base,,https://twitter.com/TheBlock__/status/1686201265758326784,
Hegic(old contract),2025-03-01,94000.0,,,Ethereum,,https://x.com/HegicOptions/status/1896933787923345470,
Hyperliquid,2023-06-15,37000.0,,,Arbitrum,,https://twitter.com/HyperliquidX/status/1669818300191363073,
Moby,2025-01-08,1470000.0,,,Arbitrum,,https://x.com/Moby_trade/status/1877096336140677458,
1inch Network,2025-03-07,5000000.0,,,Ethereum,,https://blog.1inch.io/vulnerability-discovered-in-resolver-contract/,
Eleven Finance,2021-06-22,4500000.0,,,BSC,,https://rekt.news/11-rekt/,
CheeseBank,2020-11-16,3300000.0,,,Ethereum,,https://twitter.com/CheeseBank2020/status/1328343819201380353?s=20&t=qtl30Yo9ErEoVr8v3T20dg,
Vulcan Forged,2021-12-13,140000000.0,,,"Ethereum, Polygon",,https://rekt.news/vulcan-forged-rekt/,
Slope Wallet,2022-08-02,5300000.0,,,Solana,,https://solana.com/news/8-2-2022-application-wallet-incident,
Rari Capital,2022-05-01,80000000.0,,,"Ethereum, Arbitrum",,https://twitter.com/Hacxyk/status/1520370421773725698?s=20&t=3ZdC2UMcxHaD73SwrcnudQ,
ALEX,2024-05-16,4300000.0,,,Stacks,,https://rekt.news/alexlab-rekt/,
Onyx V2,2024-09-26,4000000.0,,,Ethereum,,https://x.com/blocksecteam/status/1839314277359849484,
UwU Lend,2024-06-13,3700000.0,,,Ethereum,,https://x.com/TheBlock__/status/1801177660946612664,
Spartan,2021-05-02,30500000.0,,,BSC,,https://peckshield-94632.medium.com/the-spartan-incident-root-cause-analysis-b14135d3415f,
Huobi,2023-11-22,26400000.0,,,Ethereum,,https://twitter.com/TheBlock__/status/1727397707843621201,
Poly Network,2023-07-02,5000000.0,,,"Ethereum, BSC, Polygon",,https://twitter.com/dedaub/status/1675516729349292032?s=20,
Mirror,2021-10-08,90000000.0,,,Terra,,https://blocksecteam.medium.com/how-the-mirror-protocol-is-exploited-33b5c1d48322,
Merlin,2021-05-26,680000.0,,,BSC,,https://rekt.news/merlinlabs-rekt/,
8ightDAO,2021-12-08,1750000.0,,,Harmony,,https://rekt.news/8ight-finance-rekt/,
0vix,2023-04-28,2000000.0,,,Polygon,,https://twitter.com/peckshield/status/1651923235603361793?s=20,
SUNRAYÂ·FINANCE,2024-10-30,2855000.0,,,Arbitrum,,https://x.com/CertiKAlert/status/1851816489286041885,
Levana Perps,2023-12-27,1100000.0,,,Osmosis,,https://twitter.com/Levana_protocol/status/1740071199483543819,
Impermax V3,2025-04-26,300000.0,,,Base,,https://x.com/ImpermaxFinance/status/1916123070223339553,
Astrid Finance,2023-10-29,228000.0,,,Ethereum,,https://twitter.com/Phalcon_xyz/status/1718455634155409489,
SIR,2025-03-30,355000.0,,,Ethereum,,https://x.com/leveragesir/status/1906265780057972854,
Lava,2024-03-29,340000.0,,,Arbitrum,,https://twitter.com/CertiKAlert/status/1773584949855277261,
Inverse Finance Frontier,2022-06-16,5800000.0,,,Ethereum,,https://twitter.com/peckshield/status/1537382891230883841?s=20&t=uxBt2fIcD_f82MM2VD3pCg,
Balancer V2,2023-09-19,238000.0,,,Ethereum,,https://twitter.com/PeckShieldAlert/status/1704306602529247294,
SushiSwap,2023-04-10,3300000.0,,,"Ethereum, Arbitrum, Optimism, BSC",,https://x.com/ernestognw/status/1645113041430757378,
Gamma,2021-12-21,8200000.0,,,Ethereum,,https://medium.com/visorfinance/post-mortem-for-vvisr-staking-contract-exploit-and-upcoming-migration-7920e1dee55a,
Bunny,2021-05-19,45000000.0,,,BSC,,https://peckshield.medium.com/pancakebunny-incident-root-cause-analysis-7099f413cc9b,
RiskOnBlast,2024-02-25,1300000.0,,,Blast,,https://www.certik.com/resources/blog/risk-on-blast-incident-analysis,
Jimbos Protocol,2023-05-28,7500000.0,,,Arbitrum,,https://twitter.com/peckshield/status/1662650673731624961?s=20,
ValueDefi,2021-05-05,10000000.0,,,BSC,,https://rekt.news/value-rekt2/,
Bent Finance,2021-12-21,1750000.0,,,Ethereum,,https://rekt.news/bent-finance/,
LND,2025-05-09,1300000.0,,,"Sonic, Hyperliquid L1",,https://x.com/Lnd_fi/status/1920705062143250845,
Platypus Finance,2023-02-16,8500000.0,,,Avalanche,,https://twitter.com/CertiKAlert/status/1626318821840629763,
RocketSwap Base,2023-08-15,865000.0,,,Base,,https://twitter.com/Cointelegraph/status/1691316548932456448,
Zoth ZeUSD,2025-03-21,8850000.0,,,Ethereum,,https://x.com/PeckShieldAlert/status/1903029531558154725,
Levyathan,2021-07-30,1500000.0,,,BSC,,https://rekt.news/levyathan-rekt/,
Cetus AMM,2025-05-22,223000000.0,,,Sui,,https://www.coindesk.com/markets/2025/05/22/sui-networks-cetus-protocol-hit-in-apparent-hack-sending-token-prices-down-90,
Uranium Finance,2021-04-28,57200000.0,,,BSC,,https://rekt.news/uranium-rekt/,
Cypher,2023-08-07,1035000.0,,,Solana,,https://twitter.com/cypher_protocol/status/1688641036476731393,
WOO X,2025-07-24,14000000.0,,,"Bitcoin, Ethereum, Arbitrum, BSC",,https://x.com/BlockscopeCo/status/1948793062076940512,
ChainSwap,2021-11-07,4400000.0,,,"Ethereum, BSC",,https://chain-swap.medium.com/chainswap-exploit-11-july-2021-post-mortem-6e4e346e5a32,
1inch Network,2024-10-31,720000.0,,,Avalanche,,https://x.com/1inch/status/1851832307746742686,
Dolomite,2024-03-20,1800000.0,,,Ethereum,,https://www.cryptotimes.io/2024/03/21/hacker-exploits-flaw-in-dolomite-project/,
CoinStats,2024-07-12,2200000.0,,,,,https://x.com/CoinStats/status/1811706273395622063,
DogWifTools,2025-01-28,10000000.0,,,Solana,,https://x.com/kookcapitalllc/status/1884285558635323437,
Harmony Bridge,2022-06-23,100000000.0,,,"Ethereum, BSC",,https://rekt.news/harmony-rekt/,
BTC24H,2024-12-16,85700.0,,,Polygon,,https://x.com/0xCommitAudits/status/1871550202508951917,
Vee Finance,2021-09-21,34000000.0,,,Avalanche,,https://veefi.medium.com/vee-finance-attack-analysis-a4839724e085,
Uwerx,2023-08-02,327000.0,,,Ethereum,,https://twitter.com/CertiKAlert/status/1686667720920625152,
WazirX: India,2024-07-18,234900000.0,,,Ethereum,,https://x.com/CyversAlerts/status/1813834131165286464,
GDAC,2023-04-08,13900000.0,,,,,https://twitter.com/MetaSleuth/status/1645692516401033216,
YOLO Games,2024-06-11,1500000.0,,,Blast,,https://x.com/shoucccc/status/1800353122159833195,
Snowdog,2021-11-25,18100000.0,,,Avalanche,,https://rekt.news/snowdog-rekt/,
Swaprum,2023-05-19,3000000.0,,,Arbitrum,,https://www.dlnews.com/articles/defi/defi-protocol-swaprum-in-3m-rug-pull-was-certik-audited/?utm_campaign=,
Hacken Token,2025-06-20,250000.0,,,,,https://x.com/peckshieldalert/status/1936198957119774979,
Gym Network,2022-06-08,2100000.0,,,BSC,,https://rekt.news/gymnet-rekt/,
UwU Lend,2024-06-10,20000000.0,,,Ethereum,,https://x.com/theblockupdates/status/1800146327914877062,
Platypus Finance,2023-10-13,2200000.0,,,Avalanche,,https://rekt.news/platypus-rekt2/,
Maestro,2023-10-23,465000.0,,,Ethereum,,https://x.com/MaestroBots/status/1717113987479785558,
Indodax,2024-09-10,25200000.0,,,"Ethereum, Polygon, Optimism",,https://news.bitcoin.com/indonesian-crypto-exchange-hit-by-20-5m-hack-lazarus-group-suspected/,
Akropolis,2020-11-12,2000000.0,,,Ethereum,,https://rekt.news/akropolis-rekt/,
Origin Protocol,2020-11-17,8000000.0,,,Ethereum,,https://rekt.news/hack-epidemic/,
DFX V2,2022-11-10,4000000.0,,,Ethereum,,https://twitter.com/peckshield/status/1590831589004816384?s=20&t=0ylCEXp_O5DBIbFTAHA9vA,
MERLIN DEX,2023-04-25,1820000.0,,,zkSync Era,,https://twitter.com/TheMerlinDEX/status/1651281814395187200?t=p0udX-ZR1mQfkhNS9KCfEQ&s=19,
Transit Swap,2022-10-02,21000000.0,,,"Ethereum, BSC",,https://rekt.news/transit-swap-rekt/,
WXETA,2024-09-16,110000.0,,,"Ethereum, BSC",,https://x.com/TenArmorAlert/status/1835494807495659645,
Palmswap,2023-07-24,900000.0,,,BSC,,https://twitter.com/peckshield/status/1683609019334950912,
HTX,2023-09-25,8000000.0,,,Ethereum,,https://twitter.com/justinsuntron/status/1706311251024822748?t=saJprSiK51MMd2GUBTnDsQ&s=19,
Radiant V2,2024-01-02,4500000.0,,,Arbitrum,,https://twitter.com/peckshield/status/1742334242120466580,
Tectonic,2024-11-18,,,,Cronos,,https://x.com/5outh53a/status/1858374778299748383,
Arcadia V1,2023-07-10,460000.0,,,"Ethereum, Optimism",,https://arcadiafinance.medium.com/post-mortem-72e9d24a79b0,
ALEX,2025-06-06,8373000.0,,,Stacks,,https://x.com/ALEXLabBTC/status/1931014419133169734,
GMX V1 Perps,2025-07-09,42000000.0,,,Arbitrum,,https://x.com/peckshield/status/1942947860645134450,
Ratio Finance,2022-12-03,,,,Solana,,https://twitter.com/RatioFinance/status/1621481456777428992,
GemPad,2024-12-17,2000000.0,,,"Ethereum, Base, BSC",,https://x.com/CyversAlerts/status/1869000606955782305,
Compounder Finance,2020-12-02,12000000.0,,,Ethereum,,https://rekt.news/deathbed-confessions-c3pr/,
Yearn Finance,2023-04-13,11539000.0,,,Ethereum,,https://twitter.com/osec_io/status/1646411672175939585?s=20,
LCX,2022-01-08,7940000.0,,,Ethereum,,https://www.lcx.com/hot-wallet-incident-report/,
Silo Finance,2025-06-25,546000.0,,,Ethereum,,https://x.com/CertiKAlert/status/1937882770216452174,
Curve DEX,2022-08-09,575000.0,,,Ethereum,,https://rekt.news/curve-finance-rekt/,
Conic Finance,2023-07-22,300000.0,,,Ethereum,,https://medium.com/@ConicFinance/post-mortem-eth-and-crvusd-omnipool-exploits-c9c7fa213a3d,
CREAM Lending,2021-10-27,130000000.0,,,Ethereum,,https://rekt.news/cream-rekt-2/,
AnubisDAO,2021-10-29,60000000.0,,,Ethereum,,https://decrypt.co/84924/anubisdao-investors-lose-60-million-in-alleged-rug-pull,
Arcadia V2,2025-07-15,2500000.0,,,Base,,https://x.com/ArcadiaFi/status/1944984622183370867,
Sovryn,2022-10-04,1100000.0,,,RSK,,https://www.halborn.com/blog/post/explained-the-sovryn-hack-october-2022,
Wintermute,2022-09-20,160000000.0,,,Ethereum,,https://slowmist.medium.com/the-real-cause-of-the-wintermute-exploit-10da7e404b3b,
Zircon Gamma,2023-03-18,350000.0,,,"BSC, Moonriver",,https://twitter.com/Zircon_Finance/status/1637093661321183233,
Keep3r Network,2023-06-12,200000.0,,,Ethereum,,https://twitter.com/MetaSleuth/status/1668179353749041159,
Resupply,2025-06-25,9600000.0,,,Ethereum,,https://x.com/peckshield/status/1938061948647817647,
Ooki,2020-02-18,650000.0,,,Ethereum,,https://twitter.com/bneiluj/status/1228757175595438080?s=20&t=rHc453VaZzUqbci29H6YDA,
Concentric,2024-01-22,1720000.0,,,Arbitrum,,https://twitter.com/ConcentricFi/status/1749418658818830622,
ArbiSwap,2023-03-02,100000.0,,,Arbitrum,,https://twitter.com/CoinDesk/status/1631251260484509698,
Yield Protocol,2024-04-30,181000.0,,,Arbitrum,,https://twitter.com/peckshield/status/1785121607192817692,
Audius,2022-07-25,6000000.0,,,Ethereum,,https://rekt.news/audius-rekt/,
LaunchZone,2023-02-27,700000.0,,,BSC,,https://twitter.com/immunefi/status/1630210901360951296?s=20,
Ara Finance,2023-06-19,131000.0,,,BSC,,https://twitter.com/Phalcon_xyz/status/1670700964272295936,
TempleDAO,2022-10-11,2300000.0,,,Ethereum,,https://twitter.com/FrankResearcher/status/1579840347647414272?s=20&t=Ld2QjyQea4YYyVt3BKyJsA,
